{
    "train_loss": [
        1.0276384330368042,
        0.7356911441040039,
        0.6539459325981141,
        0.5952320635986328,
        0.5482147066688537,
        0.5211816218471527,
        0.4978978406333923,
        0.4654321982192993,
        0.44510675545692446,
        0.4250275373458862,
        0.4232893843173981,
        0.39354814571380614,
        0.4077061901473999,
        0.41008217279434206,
        0.3647929355812073,
        0.34714411628723146,
        0.3316587614822388,
        0.32541366711616515,
        0.31431012484550475,
        0.30611696236610414
    ],
    "train_acc": [
        0.6467,
        0.74996,
        0.77662,
        0.79576,
        0.81298,
        0.82282,
        0.82998,
        0.83832,
        0.8489,
        0.85398,
        0.85368,
        0.86364,
        0.8619,
        0.85876,
        0.87536,
        0.87826,
        0.88374,
        0.88762,
        0.89014,
        0.89308
    ],
    "test_loss": [
        0.87243287525177,
        0.715519301891327,
        0.6598144015312195,
        0.5778568288803101,
        0.625424277305603,
        0.5689857456207276,
        0.5484350291252136,
        0.6023827316761017,
        0.5163891648292541,
        0.5368119000434876,
        0.5068498973846436,
        0.4939466013908386,
        0.508127585887909,
        0.5116910397768021,
        0.47743230929374697,
        0.46182601680755614,
        0.49173775069713593,
        0.44766462173461913,
        0.4684248712539673,
        0.47451963460445407
    ],
    "test_acc": [
        0.7109,
        0.7581,
        0.7805,
        0.8033,
        0.7939,
        0.8097,
        0.8131,
        0.8006,
        0.8257,
        0.8189,
        0.834,
        0.8385,
        0.8324,
        0.8318,
        0.843,
        0.8489,
        0.8436,
        0.8544,
        0.8453,
        0.843
    ]
}