{
    "train_loss": [
        1.483988526992798,
        1.1423990573310852,
        1.0090551161956787,
        0.93310996509552,
        0.8778461394119262,
        0.8372520051193237,
        0.8087561187744141,
        0.7809288147735596,
        0.761559453754425,
        0.7408963033676147,
        0.7213637956047058,
        0.7065564805793763,
        0.6887732456207275,
        0.6795956024169922,
        0.6571313892936707,
        0.6469213072013855,
        0.6423238918495178,
        0.6313974592971802,
        0.6208704572868348,
        0.6106120666885376
    ],
    "train_acc": [
        0.46312,
        0.5975,
        0.64324,
        0.67404,
        0.6945,
        0.70876,
        0.71818,
        0.72826,
        0.73672,
        0.74712,
        0.75216,
        0.7563,
        0.7626,
        0.76756,
        0.77552,
        0.77832,
        0.77934,
        0.78294,
        0.78646,
        0.79386
    ],
    "test_loss": [
        1.0587734107971192,
        0.8782105359077453,
        0.810167195892334,
        0.7694691547393799,
        0.721926032447815,
        0.6933607967376709,
        0.6847312166213989,
        0.6208232183456421,
        0.6532429012298584,
        0.6171981174468995,
        0.6084333811759949,
        0.6402746534347534,
        0.5655872033119201,
        0.5811648199558258,
        0.5436081723690033,
        0.5444193159103393,
        0.5349833698272705,
        0.542228679895401,
        0.5124975250720978,
        0.5390295907974243
    ],
    "test_acc": [
        0.6109,
        0.694,
        0.7151,
        0.7354,
        0.7485,
        0.7613,
        0.7622,
        0.7878,
        0.7737,
        0.7843,
        0.7923,
        0.784,
        0.8058,
        0.8009,
        0.813,
        0.8121,
        0.812,
        0.8176,
        0.8237,
        0.8113
    ]
}